date,id,price,point_rate,effective_price,available
2026-10-01,49d7b384701a,19800,1,19602,1
2026-10-01,28544991c459,17600,1,17424,1
2026-10-01,b1ca96456977,24750,1,24503,1
2026-10-01,1599707db63b,19980,1,19781,1
2026-10-01,5657bbd9a6bd,850,1,842,1
2026-10-01,6f8719084d7c,850,1,842,1
2026-10-01,08f12f77cd0e,850,1,842,1
2026-10-01,06ea3b0f2ac8,12800,1,12672,1
2026-10-01,d056c867f429,14580,1,14435,1
2026-10-01,7fd5d75b9e1f,24200,1,23958,1
2026-10-01,5dc82a200e78,6926,1,6857,1
2026-10-01,b6954da0a549,59880,1,59282,1
2026-10-01,8e8bd36170b6,59880,1,59282,1
2026-10-01,822ae3000296,1936,1,1917,1
2026-10-01,72552cb8263f,1760,1,1743,1
2026-10-01,eaf5cd13c83e,1680,1,1664,1
2026-10-01,8cf68b30a3e4,1580,1,1565,1
2026-10-01,38b9d80dfdd2,880,1,872,1
2026-10-01,dda73f4106d9,1480,1,1466,1
2026-10-01,81232272a03e,79800,1,79002,1
2026-10-01,24bc3f27f82a,4290,1,4248,1
2026-10-01,04f540c5b0e8,1600,1,1584,1
2026-10-01,b7446877dfe2,69900,1,69201,1
2026-10-01,c072f87b509a,39600,1,39204,1
2026-10-01,800af7c85225,22000,1,21780,1
2026-10-01,2b1a0f8f378e,1480,1,1466,1
2026-10-01,8ede28595cca,1650,1,1634,1
2026-10-01,3e175a1ebb9c,1650,1,1634,1
2026-10-01,1fc16e9b269e,1100,1,1089,1
2026-10-01,a2b74559b309,980,1,971,1
2026-10-01,50f2845c6d51,16500,1,16335,1
2026-10-01,af1351fe1330,22550,1,22325,1
2026-10-01,551ac9b382ac,19800,1,19602,1
2026-10-01,c50117879c1d,16500,1,16335,1
2026-10-01,58281bfd926a,16500,1,16335,1
2026-10-01,0861a3671727,19800,1,19602,1
2026-10-01,7d7a16c3285e,12870,1,12742,1
2026-10-01,6a18096d004c,15000,1,14850,1
2026-10-01,4c84853cfd77,21780,1,21563,1
2026-10-01,a63836c712aa,14300,1,14157,1
2026-10-01,7fe68d70e455,16500,1,16335,1
2026-10-01,a3099dc5d035,16500,1,16335,1
2026-10-01,15c8214a6c07,13200,1,13068,1
2026-10-01,8af7db7fa77c,18700,1,18513,1
2026-10-01,f423888f970b,13200,1,13068,1
2026-10-01,0dd0f50c1238,21131,1,20920,1
2026-10-01,224b381691b0,14146,1,14005,1
2026-10-01,2d8e68f8f2c8,13200,1,13068,1
2026-10-01,201ed0238b60,47800,1,47322,1
2026-10-01,673c5d1b6c7a,98450,1,97466,1
2026-10-01,31a729959fba,24200,1,23958,1
2026-10-01,574985962e8a,24200,1,23958,1
2026-10-01,8c6229377458,25300,1,25047,1
2026-10-01,fc228e60f27c,14300,1,14157,1
2026-10-01,79332d80ef48,18480,1,18296,1
2026-10-01,46cf23ee1a6e,19800,1,19602,1
2026-10-01,f12da9eab63b,15400,1,15246,1
2026-10-01,bfeee19b81d7,16500,1,16335,1
2026-10-01,759bc7583d47,16500,1,16335,1
2026-10-01,f502b093a778,13800,1,13662,1
2026-10-01,9fa1bd186cd6,85800,1,84942,1
2026-10-01,cdc56cb5b010,63800,1,63162,1
2026-10-01,a83b7771815a,74800,1,74052,1
2026-10-01,b92c36270276,63800,1,63162,1
2026-10-01,2bcd4f797c38,93500,1,92565,1
2026-10-01,c0f75813b205,52800,1,52272,1
2026-10-01,d228b55812fb,63800,1,63162,1
2026-10-01,ed830758ca55,85800,1,84942,1
2026-10-01,45aac9b13ad5,74800,1,74052,1
2026-10-01,644f9ca7c9a8,52800,1,52272,1
2026-10-01,7efd9a2e7e40,435037,1,430687,1
2026-10-01,e871f76a8287,74800,1,74052,1
2026-10-01,ac19417cb390,63800,1,63162,1
2026-10-01,d75b18b18171,96800,1,95832,1
2026-10-01,122a75f9d335,77000,1,76230,1
2026-10-01,fd75bac19e56,96800,1,95832,1
2026-10-01,518d91d9518e,126500,1,125235,1
2026-10-01,cf418aad51b0,74800,1,74052,1
2026-10-01,8ae0cf0cc586,96800,1,95832,1
2026-10-01,407fee467c62,280267,1,277465,1
2026-10-01,4f43e214c356,74800,1,74052,1
2026-10-01,330a906bf1c4,74800,1,74052,1
2026-10-01,0e87e663d953,52800,1,52272,1
2026-10-01,3a5ef8f2bf73,63800,1,63162,1
2026-10-01,b84aa6b19b03,63800,1,63162,1
2026-10-01,82be67ddc556,57200,1,56628,1
2026-10-01,c35d7841ac40,46200,1,45738,1
2026-10-01,8432bbda7bce,44000,1,43560,1
2026-10-01,577e1cf2c5a9,198000,1,196020,1
2026-10-01,8a9e88026ceb,85800,1,84942,1
2026-10-01,39d8b217e4cd,3850,1,3812,1
2026-10-01,4174703c0ada,7700,1,7623,1
2026-10-01,cdddead26ed8,1650,1,1634,1
2026-10-01,66c460312b97,1430,1,1416,1
2026-10-01,21bc723690c2,7700,1,7623,1
2026-10-01,85de8c5c95af,1980,1,1961,1
2026-10-01,1114ef071beb,16500,1,16335,1
2026-10-01,a004aa9fa388,6600,1,6534,1
2026-10-01,c8f1e7074396,1430,1,1416,1
2026-10-01,9658f3a63a04,1320,1,1307,1
2026-10-01,3192c57b2c05,1980,1,1961,1
2026-10-01,6347ce7c912a,1430,1,1416,1
2026-10-01,7778a7467707,1760,1,1743,1
2026-10-01,326a7f906a26,1650,1,1634,1
2026-10-01,a4a6f191f538,1100,1,1089,1
2026-10-01,c987ba3af9d7,16500,1,16335,1
2026-10-01,7dc99a5ba240,9130,1,9039,1
2026-10-01,3c51058be14e,3300,1,3267,1
2026-10-01,ae8e6b1e2a9a,1540,1,1525,1
2026-10-01,aa0dff80076f,1430,1,1416,1
2026-10-01,8d12a5d47253,3960,1,3921,1
2026-10-01,e909f9460b52,5940,1,5881,1
2026-10-01,26438987ac65,1650,1,1634,1
2026-10-01,91ffdc87135e,2750,1,2723,1
2026-10-01,4e46c12db885,1100,1,1089,1
2026-10-01,e761f326d102,6600,1,6534,1
2026-10-01,f4fcb4f133c7,2750,1,2723,1
2026-10-01,6b5941818bde,1100,1,1089,1
2026-10-01,b605df905b85,6930,1,6861,1
2026-10-01,3de879d37088,1430,1,1416,1
2026-10-01,4aba84ac366e,1705,1,1688,1
2026-10-01,b533dde9353a,4730,1,4683,1
2026-10-01,a420eec0eb8e,3300,1,3267,1
2026-10-01,6a42dbb59bf8,7150,1,7079,1
2026-10-01,6ea233a3c077,1980,1,1961,1
2026-10-01,3beb41bdcc85,1100,1,1089,1
2026-10-01,21ce1e57354e,2200,1,2178,1
2026-10-01,996344dc578f,3300,1,3267,1
2026-10-01,88c72efb1eb8,3960,1,3921,1
2026-10-01,00546e53d2cf,6930,1,6861,1
2026-10-01,8699357c509c,1980,1,1961,1
2026-10-01,fb2994e15ab0,9130,1,9039,1
2026-10-01,c2624d12ca23,22000,1,21780,1
2026-10-01,8d815e66e686,5940,1,5881,1
2026-10-01,2c8b110cbdaa,6930,1,6861,1
2026-10-01,4b31adeef136,3960,1,3921,1
2026-10-01,752ee969f359,3300,1,3267,1
2026-10-01,dc0d27fe6a80,1705,1,1688,1
2026-10-01,3936b8a7d801,715,1,708,1
2026-10-01,009d560832ad,3520,1,3485,1
2026-10-01,f3dd2a085bad,3960,1,3921,1
2026-10-01,917880a111b0,16500,1,16335,1
2026-10-01,8e81cde3199b,3300,1,3267,1
2026-10-01,954be7c84a6c,6600,1,6534,1
2026-10-01,223c03bf9241,1210,1,1198,1
2026-10-01,5f82a8bd5ac0,1980,1,1961,1
2026-10-01,cdaaba58917f,3960,1,3921,1
2026-10-01,08f3a0e0907a,1760,1,1743,1
2026-10-01,4f46173c5ceb,3740,1,3703,1
2026-10-01,aa2606129b65,2290,5,2176,1
2026-10-01,05861bc12d93,2180,1,2159,1
2026-10-01,f31a189c3df3,2750,1,2723,1
2026-10-01,96524b5d4d77,1280,1,1268,1
2026-10-01,b5cd01f144f2,1280,1,1268,1
2026-10-01,2493193a904c,10780,1,10673,1
2026-10-01,e1ecdcb9b9ae,6200,5,5890,1
2026-10-01,7ec43a25ebf4,4510,5,4285,1
2026-10-01,48530abcfa73,1375,5,1307,1
2026-10-01,f892dd9943a8,5000,1,4950,1
2026-10-01,0ecdd78459aa,1180,1,1169,1
2026-10-01,ec040bf1a10c,1485,1,1471,1
2026-10-01,5e9f050d7587,18590,1,18405,1
2026-10-01,3c794b5d31e7,2530,1,2505,1
2026-10-01,0c465793f236,22000,2,21560,1
2026-10-01,edd522b53dc6,20900,1,20691,1
2026-10-01,9db36790831e,3454,1,3420,1
2026-10-01,ecb4878a17ac,1480,1,1466,1
2026-10-01,b89c952d3d3b,1650,5,1568,1
2026-10-01,d3a13e6b5fbd,1650,5,1568,1
2026-10-01,1587f8362e72,715,5,680,1
2026-10-01,d8c5c918b572,16390,10,14751,1
2026-10-01,1a131e29653f,2900,1,2871,1
2026-10-01,e9800d862ae2,2388,1,2365,1
2026-10-01,2ab9fc940e71,1980,10,1782,1
2026-10-01,4a448fbb6119,2980,1,2951,1
2026-10-01,55c9c2ce2f64,2200,10,1980,1
2026-10-01,51e01a713330,8800,5,8360,1
2026-10-01,04c3d7873159,3570,1,3535,1
2026-10-01,cc25818303b7,17500,1,17325,1
2026-10-01,06ee39c892c7,54800,1,54252,1
2026-10-01,8ff8b529503b,3700,1,3663,1
2026-10-01,a583f2a2b367,3700,1,3663,1
2026-10-01,e26facb583a9,64860,1,64212,1
2026-10-01,14be00a11f91,17600,1,17424,1
2026-10-01,f3e4505b9252,17600,1,17424,1
2026-10-01,c6806ea337b8,6300,1,6237,1
2026-10-01,ee3cd37f433c,6300,1,6237,1
2026-10-01,36afd947b5b8,6300,1,6237,1
2026-10-01,91394333cd1a,10780,1,10673,1
2026-10-01,6f3fa01a85ae,35870,1,35512,1
2026-10-01,3aa1bd0c293b,13500,1,13365,1
2026-10-01,9a9335ea0d02,89100,1,88209,1
2026-10-01,970c2862a4e1,21770,1,21553,1
2026-10-01,60b45c12b70b,21600,1,21384,1
2026-10-01,ba2370626ffc,92800,1,91872,1
2026-10-01,3ace83399012,126145,1,124884,1
2026-10-01,39f4c50138a9,25600,1,25344,1
2026-10-01,7911358734bb,21500,1,21285,1
2026-10-01,8c2aa44d5ba4,12500,1,12375,1
2026-10-01,799d1c1ca852,6530,1,6465,1
2026-10-01,dab00796a324,108900,1,107811,1
2026-10-01,4e6ad9cbe324,29990,1,29691,1
2026-10-01,8878f127f030,18980,1,18791,1
2026-10-01,6d4549fa581e,39900,20,31920,1
2026-10-01,4969981afb97,112140,5,106533,1
2026-10-01,5dabd3bebaa2,79800,1,79002,1
2026-10-01,36e65cc368c0,21500,1,21285,1
2026-10-01,886f2acc0ed6,8990,1,8901,1
2026-10-01,2091c6f89098,37400,1,37026,1
2026-10-01,5ca8f5a26816,19300,1,19107,1
2026-10-01,daf6ffcefdf0,14080,1,13940,1
2026-10-01,421ddcd4056e,9680,1,9584,1
2026-10-01,1887997f6d56,24250,1,24008,1
2026-10-01,1f72103f6d9f,3300,1,3267,1
2026-10-01,f3f963f6fbb5,19800,10,17820,1
2026-10-01,c0dc1b93cd8a,3300,1,3267,1
2026-10-01,22b40cb0d2ea,2200,1,2178,1
2026-10-01,6e981fefe7b6,11000,1,10890,1
2026-10-01,fe7228de9fb7,11000,1,10890,1
2026-10-01,cb66f1a4a242,2400,1,2376,1
2026-10-01,bea7d559cd7a,1100,1,1089,1
2026-10-01,850e361505bc,27000,1,26730,1
2026-10-01,a913b9f32b04,1900,1,1881,1
2026-10-01,0147e8445ceb,2400,1,2376,1
2026-10-01,6ead011635cc,1900,1,1881,1
2026-10-01,33e6a8c7fc55,27390,1,27117,1
2026-10-01,689e29491228,1900,1,1881,1
2026-10-01,eef81f1a5526,7980,1,7901,1
2026-10-01,5a11f330ef23,13200,10,11880,1
2026-10-01,d99638f18385,12520,1,12395,1
2026-10-01,8db1782b293d,2970,1,2941,1
2026-10-01,86ff82346621,1870,1,1852,1
2026-10-01,38c0e6917c50,6050,1,5990,1
2026-10-01,61405c6a462c,4620,1,4574,1
2026-10-01,817fa248e991,6600,1,6534,1
2026-10-01,c00e4c6b41f9,2530,1,2505,1
2026-10-01,8604d7e1a1e5,18260,1,18078,1
2026-10-01,57dc72be18f0,6380,1,6317,1
2026-10-01,4fa6c0a7081a,5980,1,5921,1
2026-10-01,56b7d822c224,16500,1,16335,1
2026-10-01,ed2e2668c9af,17000,2,16660,1
2026-10-01,d2417dc1a957,16500,3,16005,1
2026-10-01,7e3f9d9617d1,15350,2,15043,1
2026-10-01,13b182767479,12870,1,12742,1
2026-10-01,71a313c9748a,3080,1,3050,1
2026-10-01,0c0276bd14ba,38500,5,36575,1
2026-10-01,247bdd21e708,52800,5,50160,1
2026-10-01,0dd23ac84bcf,1980,1,1961,1
2026-10-01,a737e42a91f6,77000,5,73150,1
2026-10-01,5a7fdd69ff50,4228,1,4186,1
2026-10-01,68e97c6e9dfe,37400,1,37026,1
2026-10-01,89bde281e85a,3520,1,3485,1
2026-10-01,244fa40a2e5b,8250,10,7425,1
2026-10-01,4238534cff06,6380,1,6317,1
2026-10-01,e470d59289f4,26400,10,23760,1
2026-10-01,328250c1b1d0,8250,10,7425,1
2026-10-01,a9c4ee59b042,15400,1,15246,1
2026-10-01,f2a429f70bad,8250,1,8168,1
2026-10-01,7ffd6c46e4eb,4620,1,4574,1
2026-10-01,5c6151c97c87,22000,10,19800,1
2026-10-01,4de73cd7b0d2,6600,10,5940,1
2026-10-01,b1549970e8a6,14900,1,14751,1
2026-10-01,43af687ea77e,6600,10,5940,1
2026-10-01,b4ef5341ff1a,5280,10,4752,1
2026-10-01,4ede410cc968,22000,10,19800,1
2026-10-01,d9f7bbbbb234,6600,10,5940,1
2026-10-01,947fdba82b72,14900,1,14751,1
2026-10-01,b8549c91ddc6,6600,10,5940,1
2026-10-01,50a5aa0d784c,15488,1,15334,1
2026-10-01,3e6d5e01c521,7999,1,7920,1
2026-10-01,ae3d7800c658,6990,1,6921,1
2026-10-01,aefac5a9e6c3,24750,1,24503,1
2026-10-01,18f6f1ee3178,4799,1,4752,1
2026-10-01,ca89d5313e1a,5368,1,5315,1
2026-10-01,eaa8fc70195f,9999,1,9900,1
2026-10-01,d6f75b776d42,4999,1,4950,1
2026-10-01,d602fda660d1,12990,1,12861,1
2026-10-01,a03b6379c35c,6980,1,6911,1
2026-10-01,38a7c4bfb74b,6483,1,6419,1
2026-10-01,b80d55f21a76,6870,1,6802,1
2026-10-01,64b7a19fcda9,5774,1,5717,1
2026-10-01,e1e1e353e38d,19470,1,19276,1
2026-10-01,e3f30cd3712f,8986,1,8897,1
2026-10-01,1a0599ac0c28,5924,1,5865,1
2026-10-01,a690fc87a4bc,7990,1,7911,1
2026-10-01,84050b1a989b,8999,1,8910,1
2026-10-01,269d06e43c5f,5990,1,5931,1
2026-10-01,d8d831079c48,7499,1,7425,1
2026-10-01,6fd037e32aca,5980,1,5921,1
2026-10-01,6a8bb06ca613,6229,1,6167,1
2026-10-01,32cd5993f9e2,10773,1,10666,1
2026-10-01,db98825ff2c9,30470,1,30166,1
2026-10-01,ae10ba0d965e,3980,1,3941,1
2026-10-01,9cea41baeb69,6260,1,6198,1
2026-10-01,fe2e05e3cd8a,6990,1,6921,1
2026-10-01,c55f912d58b4,9999,1,9900,1
2026-10-01,2c313b7faa88,5000,1,4950,1
2026-10-01,eb18e0f8cdb6,6990,1,6921,1
2026-10-01,11aa204e14b9,15400,1,15246,1
2026-10-01,7425c0155799,46970,10,42273,1
2026-10-01,19d5001c822f,31350,1,31037,1
2026-10-01,e81758f63e74,24200,1,23958,1
2026-10-01,44ed47f17955,24970,10,22473,1
2026-10-01,50cc4b33dbfc,24970,10,22473,1
2026-10-01,fa600804689d,4980,1,4931,1
2026-10-01,9ef39919763f,9350,1,9257,1
2026-10-01,fa913653c10e,2420,1,2396,1
2026-10-01,e66e6c050f8f,9790,1,9693,1
2026-10-01,dd942c5a4f30,35970,1,35611,1
2026-10-01,bb2c1bb89742,10120,1,10019,1
2026-10-01,13049b7748a8,6380,1,6317,1
2026-10-01,e7ce622f9f6b,13200,1,13068,1
2026-10-01,b3ee84a20ee0,20900,1,20691,1
2026-10-01,20210e45ec46,17600,1,17424,1
2026-10-01,0e6fb99068d9,5980,1,5921,1
2026-10-01,07b27bb317d2,7976,1,7897,1
2026-10-01,93082c4488b5,5980,1,5921,1
2026-10-01,79faaded445c,5980,1,5921,1
2026-10-01,830aa524c4f3,4980,1,4931,1
2026-10-01,4a5f0aec1d03,4980,1,4931,1
2026-10-01,00d5ff09de3d,12100,1,11979,1
2026-10-01,e98aa3981580,5500,1,5445,1
2026-10-01,fd75ecda3310,39600,10,35640,1
2026-10-01,e262cca22477,39600,10,35640,1
2026-10-01,3db46cbe4aeb,27500,10,24750,1
2026-10-01,bad262202ddd,22000,1,21780,1
2026-10-01,49ded33c0cfd,47300,10,42570,1
2026-10-01,987f3e4e3eba,55550,1,54995,1
2026-10-01,427aceac0c8b,9890,1,9792,1
2026-10-01,b2d67e49a4a1,35200,10,31680,1
2026-10-01,b645f5756f43,31900,3,30943,1
2026-10-01,b07b5d961d50,47400,1,46926,1
2026-10-01,f052c6414684,12650,1,12524,1
2026-10-01,c099b81d491d,47300,10,42570,1
2026-10-01,17ebcfd5502f,11000,1,10890,1
2026-10-01,5b81c42670ac,29700,10,26730,1
2026-10-01,88c400652ae4,14630,1,14484,1
2026-10-01,9b9607ce363e,14850,1,14702,1
2026-10-01,6d07ccc1b1d7,13750,1,13613,1
2026-10-01,8496eeb4fce0,19800,1,19602,1
2026-10-01,78f48399915a,125400,10,112860,1
2026-10-01,37966f91ff3b,37400,10,33660,1
2026-10-01,2f79733d351d,6600,10,5940,1
2026-10-01,f60f165d71d4,24200,1,23958,1
2026-10-01,91df837ab28a,80600,1,79794,1
2026-10-01,7b2af27696d3,125400,10,112860,1
2026-10-01,fc8ff2644e12,24200,1,23958,1
2026-10-01,d0c9f793cf06,37400,1,37026,1
2026-10-01,334f1ff15a80,58300,10,52470,1
2026-10-01,118cbda2bc55,17950,1,17771,1
2026-10-01,e80c1c7ca25d,6190,1,6129,1
2026-10-01,d02759c3401d,21861,1,21643,1
2026-10-01,21bdb64373c7,60500,10,54450,1
2026-10-01,93888064bab6,82500,1,81675,1
2026-10-01,3eedd21384b7,58300,1,57717,1
2026-10-01,9b7024e0111a,47300,10,42570,1
2026-10-01,a4dfa1d68c6e,93500,10,84150,1
2026-10-01,946fdc78dc49,80600,1,79794,1
2026-10-01,fa988913ec37,47300,10,42570,1
2026-10-01,3e6744860fd0,1990,1,1971,1
2026-10-01,d01ed5559319,2350,1,2327,1
2026-10-01,5a72160a1924,2350,1,2327,1
2026-10-01,47515562dde2,2350,1,2327,1
2026-10-01,02e30dc9b667,2350,1,2327,1
2026-10-01,32381e2f43da,2350,1,2327,1
2026-10-01,d3ff4bcdbed1,2350,1,2327,1
2026-10-01,bd7897360129,2350,1,2327,1
2026-10-01,f27f3a4dbf64,16500,1,16335,1
2026-10-01,5fe65b7344ef,3480,1,3446,1
2026-10-01,156a459375ae,3480,1,3446,1
2026-10-01,8e4eafa69fb9,2350,1,2327,1
2026-10-01,055ad1916799,14850,10,13365,1
2026-10-01,540051a4ab05,2350,1,2327,1
2026-10-01,3ed01c313fa8,16500,1,16335,1
2026-10-01,c5036259f7a6,2350,1,2327,1
2026-10-01,2d97d4c4c501,16500,1,16335,1
2026-10-01,a88d82ce4e43,3480,1,3446,1
2026-10-01,7e7761adf61b,4224,1,4182,1
2026-10-01,46e8a2bf0dfc,2350,1,2327,1
2026-10-01,f6bb9db07841,3480,1,3446,1
2026-10-01,b83acc1ed104,2350,1,2327,1
2026-10-01,4c6a76e9bbde,4950,1,4901,1
2026-10-01,dd7ea88f372c,2350,1,2327,1
2026-10-01,7ea0c21d6e58,2350,1,2327,1
2026-10-01,254a682f6ce1,3480,1,3446,1
2026-10-01,c9a09007bbe1,2350,1,2327,1
2026-10-01,fd4fd2926020,3480,1,3446,1
2026-10-01,5a50e2bf83ad,2350,1,2327,1
2026-10-01,510fd0341178,3480,1,3446,1
2026-10-01,7221500e1cb6,8470,1,8386,1
2026-10-01,07b31d196e55,5980,1,5921,1
2026-10-01,c3c0ff6b662d,16280,1,16118,1
2026-10-01,dfd61c1eeb33,16280,1,16118,1
2026-10-01,19d4a2374f98,12980,1,12851,1
2026-10-01,255f4ebbe4d6,1080,1,1070,1
2026-10-01,adf4e73004c9,4980,1,4931,1
2026-10-01,47a63186826c,1650,1,1634,1
2026-10-01,00908a05afad,6980,1,6911,1
2026-10-01,67fec97f404c,3960,1,3921,1
2026-10-01,0e5e9cbbf459,3450,1,3416,1
2026-10-01,2109b026934d,9680,1,9584,1
2026-10-01,6b8c5b9e7d3f,1580,1,1565,1
2026-10-01,b50e6f4ae61a,9240,1,9148,1
2026-10-01,bb32f5075eb3,2980,1,2951,1
2026-10-01,76c7351db3f7,8800,1,8712,1
2026-10-01,610c3aa0df13,2178,1,2157,1
2026-10-01,700241edd929,9680,1,9584,1
2026-10-01,a05266639ebd,3300,1,3267,1
2026-10-01,08e03e280570,17800,1,17622,1
2026-10-01,100c348dc1bc,3080,1,3050,1
2026-10-01,f2ee90805f5c,3960,1,3921,1
2026-10-01,dbff389f5e6e,2780,1,2753,1
2026-10-01,8dd794399565,1080,1,1070,1
2026-10-01,8ac33dbeec86,16280,1,16118,1
2026-10-01,e81382a00445,12980,1,12851,1
2026-10-01,c6364452f523,9680,1,9584,1
2026-10-01,ac94b634095d,3960,1,3921,1
2026-10-01,2ddbead015c3,1080,1,1070,1
2026-10-01,dd54e86ee444,3300,1,3267,1
2026-10-01,289752795559,5940,2,5822,1
2026-10-01,d151ec427407,14080,11,12532,1
2026-10-01,3a9d1fb1e2dc,9900,1,9801,1
2026-10-01,611ae78b9f6c,19800,1,19602,1
2026-10-01,8d8b0de83f6e,10260,10,9234,1
2026-10-01,ca8cd0927ed3,69800,10,62820,1
2026-10-01,75fd0975888b,7150,1,7079,1
2026-10-01,6ea60cb4c129,11000,1,10890,1
2026-10-01,46ee32076f9f,5980,1,5921,1
2026-10-01,9e2b012336db,5940,1,5881,1
2026-10-01,ef050d8a7c31,5980,1,5921,1
2026-10-01,e1471a2bf238,99800,10,89820,1
2026-10-01,00b12f4d8368,4950,10,4455,1
2026-10-01,89252358d15b,14080,10,12672,1
2026-10-01,5dee7817577f,5610,1,5554,1
2026-10-01,93423dcef7a5,99800,10,89820,1
2026-10-01,1c78ef80c722,16940,10,15246,1
2026-10-01,9d265ac35a31,14300,5,13585,1
2026-10-01,9aad2a224f5f,19800,10,17820,1
2026-10-01,2c8997f88eaa,22222,1,22000,1
2026-10-01,0479caad7a2f,13200,1,13068,1
2026-10-01,e1d422ea4560,3980,1,3941,1
2026-10-01,302b45175fcb,59400,5,56430,1
2026-10-01,829e3784a554,8250,1,8168,1
2026-10-01,e5609a207a70,20000,1,19800,1
2026-10-01,c949d5f3e9c9,17380,1,17207,1
2026-10-01,dbbf9e31ada6,17380,5,16511,1
2026-10-01,360602d607e8,4950,10,4455,1
2026-10-01,c03f97a24b4d,22000,10,19800,1
2026-10-01,bea48612bbf0,4950,10,4455,1
2026-10-01,eb35bddbc865,3990,1,3951,1
2026-10-01,91591a13ea30,16990,1,16821,1
2026-10-01,c7bf47d23a6f,4180,1,4139,1
2026-10-01,6c3282e5c13e,11990,1,11871,1
2026-10-01,20a02da09213,4460,1,4416,1
2026-10-01,cac900220e23,9900,1,9801,1
2026-10-01,1351e242ac62,5599,1,5544,1
2026-10-01,45d5083352c9,9900,1,9801,1
2026-10-01,73ad6fbf70e9,5980,1,5921,1
2026-10-01,633f9f18fc28,4770,1,4723,1
2026-10-01,5fe78a34d91d,3300,2,3234,1
2026-10-01,ee6338e1d465,4520,1,4475,1
2026-10-01,0370bab67e7e,8756,16,7356,1
2026-10-01,b0c4f5cb2a3a,99980,10,89982,1
2026-10-01,27180d93324b,5659,1,5603,1
2026-10-01,9ff0753daa77,8750,1,8663,1
2026-10-01,46b7e6875ad0,8660,1,8574,1
2026-10-01,b48cfde9c1e9,4590,1,4545,1
2026-10-01,8029027fe81c,8199,5,7790,1
2026-10-01,d3d72ef69d79,9200,1,9108,1
2026-10-01,1b51b7da104f,4180,1,4139,1
2026-10-01,07e889a8c2a2,88770,10,79893,1
2026-10-01,ff63ba3a4cb4,5980,1,5921,1
2026-10-01,b20539ab4364,4770,1,4723,1
2026-10-01,e2652224eaa2,3480,1,3446,1
2026-10-01,14bd43d46d67,4390,1,4347,1
2026-10-01,db7569fb3935,5099,5,4845,1
2026-10-01,c8a4030f4fee,8800,1,8712,1
2026-10-01,8dcb67550653,5980,1,5921,1
2026-10-01,188ef00a2ed6,6237,1,6175,1
2026-10-01,9a310eb18ce2,22880,1,22652,1
2026-10-01,65b2818c85ba,88000,10,79200,1
2026-10-01,0f62496dbcb9,20350,1,20147,1
2026-10-01,42fb672d7cfe,20350,1,20147,1
2026-10-01,8f111ba46744,25169,1,24918,1
2026-10-01,c9dfce539df0,24200,10,21780,1
2026-10-01,a3ebc3d86663,25300,10,22770,1
2026-10-01,ace7eef0663a,22880,1,22652,1
2026-10-01,ccd8fe1741f3,30800,10,27720,1
2026-10-01,cc5afa4954f7,30800,10,27720,1
2026-10-01,e4336f7f4ba3,23100,10,20790,1
2026-10-01,e23ccecb552d,63800,1,63162,1
2026-10-01,da661153cca5,22880,1,22652,1
2026-10-01,d654a984de84,41800,1,41382,1
2026-10-01,903668263c7c,24200,10,21780,1
2026-10-01,fe0da028c196,23617,1,23381,1
2026-10-01,0ed9d61220bc,25300,10,22770,1
2026-10-01,c42e0d3224e8,16500,1,16335,1
2026-10-01,d862d5aa42af,23100,10,20790,1
2026-10-01,50e48aa8031a,16654,1,16488,1
2026-10-01,de780622210d,16938,1,16769,1
2026-10-01,89f8731b365a,20630,1,20424,1
2026-10-01,52943e5410ff,20350,1,20147,1
2026-10-01,8f29c8f90d54,16500,1,16335,1
2026-10-01,4a7a2a30e950,39050,10,35145,1
2026-10-01,677637f407c4,1936,1,1917,1
2026-10-01,463d37fbc9fc,5874,1,5816,1
2026-10-01,ab385e66ac2c,5830,5,5539,1
2026-10-01,17e19ac571e4,6050,1,5990,1
2026-10-01,257d9803fbbd,2090,1,2070,1
2026-10-01,b6e17a5159c5,3619,1,3583,1
2026-10-01,cb8ee9213e6f,2112,1,2091,1
2026-10-01,5f730ad193fa,1254,1,1242,1
2026-10-01,7f6efdbea00f,4174,1,4133,1
2026-10-01,4025d413ca93,1650,1,1634,1
2026-10-01,d46c4345c06d,4290,1,4248,1
2026-10-01,55d7f7e7e6eb,5500,1,5445,1
2026-10-01,928ec6d0b182,12100,1,11979,1
2026-10-01,67dbc4f48519,15290,1,15138,1
2026-10-01,6d1b65d6860a,3740,1,3703,1
2026-10-01,eeb31442a7e8,5830,1,5772,1
2026-10-01,daf059a812a2,12100,1,11979,1
2026-10-01,27d6cea12867,880,1,872,1
2026-10-01,daa34180b7b1,12100,1,11979,1
2026-10-01,8aaef1feae6a,6072,1,6012,1
2026-10-01,f19141f24b85,19800,1,19602,1
2026-10-01,339c9ba85e05,8470,1,8386,1
2026-10-01,fd969c27ec51,1650,1,1634,1
2026-10-01,af87e83d07bc,13200,1,13068,1
2026-10-01,4c35c7c47647,7700,1,7623,1
2026-10-01,7407287b0e3b,12100,1,11979,1
2026-10-01,b1f208553c96,5822,1,5764,1
2026-10-01,9b5e3911b136,14300,1,14157,1
2026-10-01,4a4926a36a42,3850,1,3812,1
2026-10-01,7d22249c4a03,5984,1,5925,1
2026-10-01,fd68f4dabb3c,6050,1,5990,1
2026-10-01,6bfc2dbd1311,5445,1,5391,1
2026-10-01,abc7b3e1640e,6050,1,5990,1
2026-10-01,93a8278e243e,3960,1,3921,1
2026-10-01,9b51959d058a,6050,1,5990,1
2026-10-01,666b4cc3c23f,6050,1,5990,1
2026-10-01,ebe2144c3a5e,6050,1,5990,1
2026-10-01,e6d63ce45cca,6050,10,5445,1
2026-10-01,f8db2a1a9547,4840,1,4792,1
2026-10-01,912891598791,4235,1,4193,1
2026-10-01,425a5cf95cbd,4400,1,4356,1
2026-10-01,3971a2512bf1,6050,1,5990,1
2026-10-01,8bc37c76a639,5500,1,5445,1
2026-10-01,af79e9117fba,6050,1,5990,1
2026-10-01,a4c52912856f,4400,1,4356,1
2026-10-01,1fb43d8714df,4620,1,4574,1
2026-10-01,084d4c23da35,4400,1,4356,1
2026-10-01,63e9fbc48f78,5390,1,5337,1
2026-10-01,61e0e32fcb3a,6050,1,5990,1
2026-10-01,b9c0d3648163,5390,1,5337,1
2026-10-01,a12f8f1c319d,4235,1,4193,1
2026-10-01,e08d9d45b122,6050,1,5990,1
2026-10-01,1835fc856838,5005,1,4955,1
2026-10-01,ac62bcbbfd8c,4620,1,4574,1
2026-10-01,d1fc4cfd0c03,6050,1,5990,1
2026-10-01,63674102d179,6050,1,5990,1
2026-10-01,64e7c7e1484c,4950,1,4901,1
2026-10-01,a71f409d000c,4840,1,4792,1
2026-10-01,06811b8118a7,6050,1,5990,1
2026-10-01,c86dd09851d4,14850,1,14702,1
2026-10-01,823d77d19838,17600,10,15840,1
2026-10-01,b9cb3995dd05,14000,1,13860,1
2026-10-01,4f2f5c190a8d,12980,1,12851,1
2026-10-01,82807e64234f,17600,1,17424,1
2026-10-01,fcfa7ac5d312,13900,1,13761,1
2026-10-01,998c695be7b4,12980,1,12851,1
2026-10-01,b5c59e4664e0,17600,10,15840,1
2026-10-01,0fa038161ebb,17600,1,17424,1
2026-10-01,5e6c4c81dde9,18700,1,18513,1
2026-10-01,b605d5b9dc27,15840,1,15682,1
2026-10-01,399134384e83,18700,1,18513,1
2026-10-01,262227244df5,18700,10,16830,1
2026-10-01,3e7c8b869559,14080,10,12672,1
2026-10-01,86b8d441d6d0,12320,10,11088,1
2026-10-01,3878c34ac2b0,11112,1,11001,1
2026-10-01,1c1eea9f69bf,17600,10,15840,1
2026-10-01,36fbb833cb6f,16500,1,16335,1
2026-10-01,0750712c10c1,11220,1,11108,1
2026-10-01,ad2e9051f38a,16980,1,16811,1
2026-10-01,b684d59591dc,19800,1,19602,1
2026-10-01,2848032c7fb5,9900,1,9801,1
2026-10-01,f3e6adf35122,18700,1,18513,1
2026-10-01,65551848a869,18700,10,16830,1
2026-10-01,15083095a445,11112,1,11001,1
2026-10-01,e8bfe82687f5,17600,1,17424,1
2026-10-01,26fb03819cd3,18700,1,18513,1
2026-10-01,52d2f3dc576e,15500,1,15345,1
2026-10-01,dc8282344b11,18700,1,18513,1
2026-10-01,d663343743ba,17600,1,17424,1
2026-10-01,228330885d3a,14300,1,14157,1
2026-10-01,77c7f0cd2eba,30800,1,30492,1
2026-10-01,66345c11671e,13860,1,13722,1
2026-10-01,a75178bbc3f3,11000,10,9900,1
2026-10-01,e54d2c40842f,8800,1,8712,1
2026-10-01,ecdaf7eba787,1320,1,1307,1
2026-10-01,dd00d9bd9f39,8800,1,8712,1
2026-10-01,e5fc17da7b73,10450,1,10346,1
2026-10-01,23fb5285a17a,10010,1,9910,1
2026-10-01,fe98c4e3e612,9680,1,9584,1
2026-10-01,c2b2f230851e,11000,1,10890,1
2026-10-01,2df42da9cf80,17600,1,17424,1
2026-10-01,700d98521d35,11440,1,11326,1
2026-10-01,f86c80b9e297,19800,1,19602,1
2026-10-01,ce6fd5664d35,8800,1,8712,1
2026-10-01,25d4e825e8ae,12100,1,11979,1
2026-10-01,2ef0cf1397f9,11000,1,10890,1
2026-10-01,bd76cf4de4c7,9240,1,9148,1
2026-10-01,de28d6dccb0c,11000,1,10890,1
2026-10-01,bec65791eb30,11000,10,9900,1
2026-10-01,75f711fcdf0a,7920,1,7841,1
2026-10-01,0e7975e2e40c,7920,1,7841,1
2026-10-01,03b9f12aacf3,8800,1,8712,1
2026-10-01,f9a867fceeaa,11880,1,11762,1
2026-10-01,59b892ac8b5a,17710,1,17533,1
2026-10-01,2e2f927f5cad,7700,1,7623,1
2026-10-01,8d254de1fe5b,6926,1,6857,1
2026-10-01,c9a99791428e,96600,1,95634,1
2026-10-01,b0f88fd2745f,880,1,872,1
2026-10-01,6404140732fa,9130,1,9039,1
2026-10-01,fab7b7a81293,7480,1,7406,1
2026-10-01,250a9063fd4c,1650,1,1634,1
2026-10-01,0bd3d0c60437,11000,1,10890,1
2026-10-01,f6f36434e587,11000,1,10890,1
2026-10-01,63679dca3dde,2970,1,2941,1
2026-10-01,dbb3c0b56071,2420,1,2396,1
2026-10-01,f137974e4c3b,9130,1,9039,1
2026-10-01,6f5e57f143a4,5940,1,5881,1
2026-10-01,eee70c1cbfa7,3960,1,3921,1
2026-10-01,96b7524a1b18,1100,1,1089,1
2026-10-01,0e71938e28c5,1650,1,1634,1
2026-10-01,baa75d991661,1760,1,1743,1
2026-10-01,2a3e00f5eb1d,1760,1,1743,1
2026-10-01,6325a24cdf41,7700,1,7623,1
2026-10-01,e477b7b21d3d,2750,1,2723,1
2026-10-01,a595cb37a0a1,3630,1,3594,1
2026-10-01,903222e63cd8,3960,1,3921,1
2026-10-01,399836bea5c5,17050,10,15345,1
2026-10-01,389c24f43d90,23620,1,23384,1
2026-10-01,6a35ca7673cd,4800,1,4752,1
2026-10-01,b13a495e4fb2,37800,1,37422,1
2026-10-01,1d933b6cf3ad,89900,1,89001,1
2026-10-01,6d5d32c516f9,5742,1,5685,1
2026-10-01,ec512eb74120,26630,1,26364,1
2026-10-01,ab3d8b90e8e5,68800,1,68112,1
2026-10-01,36c43d0c835d,89980,1,89081,1
2026-10-01,c59189461b94,25600,1,25344,1
2026-10-01,f971f7e1b46c,79200,1,78408,1
2026-10-01,461f1b1ccc31,25600,1,25344,1
2026-10-01,7e3b7f2e39b7,21500,1,21285,1
2026-10-01,d7c7014ac0f5,16300,1,16137,1
2026-10-01,98301e98b927,9990,1,9891,1
2026-10-01,9ee3ef7f6304,5980,1,5921,1
2026-10-01,a7ee960e244c,9900,1,9801,1
2026-10-01,17ea1f805a98,6600,10,5940,1
2026-10-01,d47d9e7d3f27,3980,1,3941,1
2026-10-01,f78fd90a4f69,7999,1,7920,1
2026-10-01,ecd11505b4e3,4570,1,4525,1
2026-10-01,d2dc2d27f209,24970,1,24721,1
2026-10-01,584679a939ce,44000,10,39600,1
2026-10-01,9466a9767efe,11660,1,11544,1
2026-10-01,8c6d58159233,110000,10,99000,1
2026-10-01,9ae7b6cbf5b9,125400,10,112860,1
2026-10-01,d5a454e15026,4580,1,4535,1
2026-10-01,dfc5e93e6a17,6980,1,6911,1
2026-10-01,c13d136015f5,8250,1,8168,1
2026-10-01,20f4374e7be1,39600,5,37620,1
2026-10-01,b010ad9d2d01,14080,11,12532,1
2026-10-01,32a1049130f9,7150,1,7079,1
2026-10-01,4f38d60148e3,68200,5,64790,1
2026-10-01,a4719bd7cbaf,3980,1,3941,1
2026-10-01,8006b2cb58c4,33000,10,29700,1
2026-10-01,d087b49165de,16940,10,15246,1
2026-10-01,cd895f4d769a,79200,10,71280,1
2026-10-01,dd87394a79d4,46400,1,45936,1
2026-10-01,47abf819426d,19800,1,19602,1
2026-10-01,87ca1002346c,15000,1,14850,1
2026-10-01,37ac0e6425e4,8580,1,8495,1
2026-10-01,812164379d7b,55980,10,50382,1
2026-10-01,b9556beeb202,5980,1,5921,1
2026-10-01,9c12872603d9,39980,10,35982,1
2026-10-01,f4682fa74363,8750,1,8663,1
2026-10-01,76ea919326c3,37400,10,33660,1
2026-10-01,a698cac4ee2a,6050,1,5990,1
2026-10-01,7e55391fb64d,4400,1,4356,1
2026-10-01,429b5a014928,18700,1,18513,1
2026-10-01,0baf8bd3870b,7920,1,7841,1
2026-10-01,6208d1e12d63,229845,1,227547,1
2026-10-01,c87539de9682,51975,1,51456,1
2026-10-01,8243a475813f,188485,1,186601,1
2026-10-01,f24d6115c7e1,150000,1,148500,1
2026-10-01,0cd4d8ec97ff,98835,1,97847,1
2026-10-01,4583a9d43e2c,150000,1,148500,1
